CÃ“DIGO OACI,COMPRIMENTO_MAX,LATITUDE,LONGITUDE
SBAA,5905.511811023622,-8.348611111111111,-49.30305555555555
SBAE,6594.488188976377,-22.157777777777778,-49.068333333333335
SBAQ,5905.511811023622,-21.804444444444446,-48.140277777777776
SBAR,7217.847769028871,-10.985277777777776,-37.07333333333334
SBAT,8202.099737532808,-9.866388888888888,-56.105000000000004
SBAU,6955.380577427821,-21.144166666666667,-50.42638888888889
SBAX,6233.595800524934,-19.560555555555556,-46.96555555555556
SBBE,9186.351706036745,-1.3847222222222222,-48.47888888888889
SBBG,4921.259842519685,-31.390833333333333,-54.109722222222224
SBBH,7755.905511811024,-19.851944444444445,-43.95055555555556
SBBI,4560.367454068241,-25.403333333333332,-49.23361111111111
SBBP,3937.007874015748,-22.979166666666664,-46.5375
SBBR,10826.771653543306,-15.871111111111112,-47.91861111111111
SBBU,4924.540682414698,-22.34361111111111,-49.053888888888885
SBBV,8858.267716535433,2.841388888888889,-60.69222222222222
SBBW,5242.7821522309705,-15.860833333333334,-52.38944444444444
SBCA,5298.556430446194,-25.002222222222223,-53.50194444444445
SBCB,8366.141732283464,-22.92138888888889,-42.07166666666667
SBCD,5331.364829396325,-26.789722222222224,-50.939722222222215
SBCF,9842.51968503937,-19.624444444444446,-43.971944444444446
SBCG,8530.18372703412,-20.46944444444444,-54.67027777777778
SBCH,6768.372703412073,-27.133888888888887,-52.661944444444444
SBCI,5905.511811023622,-7.320555555555555,-47.45861111111111
SBCJ,6561.679790026246,-6.115277777777777,-50.00138888888889
SSIM,4891.7322834645665,-28.724444444444444,-49.421388888888885
SBCN,6889.763779527559,-17.72472222222222,-48.61
SBCP,5065.616797900262,-21.70111111111111,-41.30777777777777
SBCR,4921.259842519685,-19.011944444444445,-57.671388888888885
SBCT,7276.902887139107,-25.531666666666666,-49.17611111111111
SSCV,5019.685039370079,-17.650555555555552,-39.254444444444445
SBCX,5479.002624671915,-29.195555555555554,-51.189722222222215
SBCY,7545.931758530183,-15.65,-56.1175
SSCL,3546.587926509186,-19.146944444444443,-51.67638888888889
SBDB,6561.679790026246,-21.247222222222224,-56.4525
SBDN,6889.763779527559,-22.178333333333335,-51.41888888888889
SBDO,6397.63779527559,-22.200555555555553,-54.925555555555555
SBEG,8858.267716535433,-3.041111111111111,-60.050555555555555
SBEK,5249.343832020997,-6.235277777777778,-57.77583333333333
SBFI,7201.443569553805,-25.60027777777778,-54.485
SBFL,7529.527559055117,-27.67027777777778,-48.552499999999995
SBFN,6053.149606299212,-3.854722222222222,-32.42833333333333
SBFZ,8349.737532808398,-3.7758333333333334,-38.532222222222224
SBGL,13123.359580052493,-22.810000000000002,-43.25055555555556
SBGM,5889.107611548556,-10.788333333333334,-65.28166666666667
SBGO,8202.099737532808,-16.6325,-49.221111111111114
SBGR,12139.107611548556,-23.435555555555556,-46.473055555555554
SSGG,5314.960629921259,-25.388055555555557,-51.52166666666667
SBGV,5580.708661417322,-18.896944444444443,-41.986111111111114
SBGW,5088.582677165354,-22.791666666666668,-45.20444444444445
SBHT,6571.522309711286,-3.2508333333333335,-52.25222222222222
SBIC,4970.472440944882,-3.126388888888889,-58.48166666666667
SBIH,5265.748031496063,-4.242222222222222,-56.00083333333333
SBIL,5173.884514435696,-14.815000000000001,-39.03333333333333
SBIP,6578.083989501312,-19.470555555555553,-42.488055555555555
SBIZ,5898.950131233595,-5.530555555555556,-47.458333333333336
SBJC,3628.6089238845143,-1.4149999999999998,-48.45888888888889
SBJD,4593.175853018372,-23.18166666666667,-46.94361111111111
SBJF,5036.089238845144,-21.793055555555558,-43.385555555555555
SBJI,5905.511811023622,-10.870555555555557,-61.84666666666667
SBJP,8251.312335958004,-7.148333333333333,-34.95027777777778
SBJR,2952.755905511811,-22.9875,-43.37
SBJU,5905.511811023622,-7.219166666666667,-39.269444444444446
SBJV,5380.577427821522,-26.223055555555554,-48.797777777777775
SBKG,5249.343832020997,-7.269166666666667,-35.894999999999996
SBKP,10629.921259842518,-23.006944444444443,-47.13444444444444
SBLE,6830.708661417322,-12.482222222222223,-41.276944444444446
SBLJ,5026.2467191601045,-27.78222222222222,-50.281666666666666
SBLO,6889.763779527559,-23.330277777777777,-51.13666666666666
SBLP,3973.097112860892,-13.261388888888888,-43.4075
SBMA,6561.679790026246,-5.368055555555555,-49.13805555555555
SBMD,5905.511811023622,-0.8897222222222222,-52.602222222222224
SBME,3937.007874015748,-22.342777777777776,-41.763888888888886
SBMG,6889.763779527559,-23.479444444444443,-52.01222222222222
SBMK,6889.763779527559,-16.70611111111111,-43.82194444444445
SBML,5577.427821522309,-22.195555555555554,-49.926944444444445
SBMO,8536.745406824146,-9.517222222222223,-35.78361111111111
SBMQ,5905.511811023622,0.050833333333333335,-51.07027777777778
SBMS,6561.679790026246,-5.195833333333334,-37.361666666666665
SBMT,5249.343832020997,-23.506666666666668,-46.63388888888889
SBMY,4150.262467191601,-5.816944444444444,-61.28388888888889
SBNF,5580.708661417322,-26.878611111111113,-48.65083333333333
SBNM,5331.364829396325,-28.281666666666666,-54.16833333333333
SBOI,3937.007874015748,3.861388888888889,-51.79611111111111
SBPA,7480.314960629921,-29.99388888888889,-51.17111111111111
SBPB,8202.099737532808,-2.8938888888888887,-41.73027777777778
SBPC,4970.472440944882,-21.837777777777777,-46.566111111111105
SBPF,5577.427821522309,-28.24527777777778,-52.328611111111115
SBPJ,8202.099737532808,-10.29,-48.35777777777778
SBPK,6496.062992125984,-31.71611111111111,-52.33111111111111
SBPL,10662.72965879265,-9.3675,-40.56361111111111
SDPE,5577.427821522309,-10.716944444444444,-48.400277777777774
SBPP,6561.679790026246,-22.549722222222226,-55.7025
SBPR,2847.769028871391,-19.909166666666664,-43.98916666666667
SBPS,6561.679790026246,-16.438055555555557,-39.07777777777778
SBPV,7874.015748031496,-8.71361111111111,-63.90277777777778
SBQV,5823.490813648294,-14.86361111111111,-40.863055555555555
SBRB,7080.05249343832,-9.868333333333334,-67.89805555555556
SBRD,6069.553805774278,-16.588055555555556,-54.72166666666667
SBRF,9865.485564304461,-8.12638888888889,-34.922777777777775
SBRJ,4340.551181102362,-22.91,-43.1625
SBRP,6889.763779527559,-21.136388888888888,-47.776666666666664
SBSG,9842.51968503937,-5.768888888888889,-35.36638888888889
SBSJ,8779.527559055117,-23.228888888888886,-45.87111111111111
SBSL,7824.803149606299,-2.5869444444444447,-44.236111111111114
SBSM,8858.267716535433,-29.710833333333333,-53.69222222222222
SBSN,7874.015748031496,-2.424722222222222,-54.78583333333333
SBSP,6364.829396325459,-23.62611111111111,-46.656388888888884
SBSR,5380.577427821522,-20.816111111111113,-49.40472222222222
SBSV,9852.36220472441,-12.908611111111112,-38.322500000000005
SBTB,5249.343832020997,-1.4844444444444445,-56.399166666666666
SBTD,5479.002624671915,-24.685277777777777,-53.69638888888888
SBTE,7217.847769028871,-5.060555555555555,-42.824444444444445
SBTF,7217.847769028871,-3.3802777777777777,-64.72527777777778
SBTG,6561.679790026246,-20.75138888888889,-51.680277777777775
SBTK,3707.349081364829,-8.154722222222222,-70.78277777777778
SSTE,4921.259842519685,-29.41,-49.81027777777778
SBTT,7053.805774278215,-4.250555555555556,-69.93777777777778
SBTU,6561.679790026246,-3.776944444444444,-49.719722222222224
SBUA,8530.18372703412,-0.14805555555555555,-66.98583333333333
SBUF,5905.511811023622,-9.401111111111112,-38.25111111111111
SBUG,4921.259842519685,-29.783333333333335,-57.036944444444444
SBUL,6889.763779527559,-18.88361111111111,-48.22527777777778
SBUR,5770.997375328084,-19.764722222222222,-47.96611111111111
SBVG,4921.259842519685,-21.58888888888889,-45.473333333333336
SBVH,8530.18372703412,-12.694166666666668,-60.09722222222222
SBVT,6751.968503937008,-20.258055555555554,-40.28638888888889
SBZM,8284.120734908136,-21.513055555555557,-43.17305555555555
SDAA,3772.9658792650916,-22.336944444444445,-47.358333333333334
SDAD,3772.9658792650916,-21.69611111111111,-51.09638888888889
SDAG,2995.4068241469813,-22.975277777777777,-44.30722222222222
SDAI,3608.9238845144355,-22.755277777777778,-47.268055555555556
SDAM,3937.007874015748,-22.859166666666667,-47.10805555555556
SDBB,4921.259842519685,-20.900277777777777,-48.47361111111111
SDBK,4921.259842519685,-22.936666666666667,-48.4675
SDCA,3526.9028871391074,-24.033611111111114,-48.356944444444444
SDCG,3937.007874015748,-3.470555555555556,-68.92416666666666
SDCO,4855.643044619423,-23.483055555555556,-47.48638888888889
SDDN,4921.259842519685,-20.925833333333333,-51.38388888888889
SDDR,4921.259842519685,-21.460555555555555,-51.606944444444444
SDEP,3313.648293963254,-21.775555555555556,-52.16305555555555
SDFD,3280.839895013123,-20.276666666666667,-50.21388888888889
SDFX,3608.9238845144355,-9.1575,-40.9375
SDIG,3937.007874015748,-21.747222222222224,-48.85583333333334
SDIM,4429.133858267716,-24.16472222222222,-46.785555555555554
SDIV,3280.839895013123,-20.37527777777778,-47.76861111111111
SDJV,4101.049868766404,-22.016666666666666,-46.84055555555556
SDKF,4265.09186351706,-9.155277777777778,-40.09166666666667
SDKJ,4330.708661417322,-11.021111111111113,-45.18722222222222
SDLK,3937.007874015748,-14.481111111111112,-42.264722222222225
SDLL,3772.9658792650916,-22.22694444444444,-47.382222222222225
SDLP,4146.981627296588,-22.578333333333333,-48.77444444444444
SBMI,3641.7322834645665,-22.918055555555558,-42.82888888888889
SDNO,3280.839895013123,-22.69611111111111,-48.57611111111112
SDOU,4921.259842519685,-22.973611111111108,-49.91138888888889
SDOV,4921.259842519685,-14.74472222222222,-50.57055555555556
SDOW,3937.007874015748,-6.762222222222222,-51.05
SDPN,4921.259842519685,-21.410277777777775,-50.03194444444444
SDPW,3937.007874015748,-22.710555555555555,-47.61944444444445
SDRR,4855.643044619423,-23.093055555555555,-48.98416666666667
SDRS,4265.09186351706,-22.47861111111111,-44.48166666666667
SDSC,5314.960629921259,-21.87638888888889,-47.90333333333333
SBSO,5577.427821522309,-12.472777777777777,-55.66888888888889
SDTK,2296.587926509186,-23.224444444444444,-44.72027777777778
SDTP,4921.259842519685,-21.89,-50.505833333333335
SDUB,3083.989501312336,-23.441388888888888,-45.07611111111112
SDVG,4921.259842519685,-20.45722222222222,-50.0025
SDWQ,3280.839895013123,-1.9169444444444443,-54.72277777777778
SDXF,3543.307086614173,-14.119166666666667,-47.530277777777776
SDXJ,3805.7742782152227,-18.49138888888889,-53.16833333333333
SDZG,3937.007874015748,-5.933333333333334,-40.2975
SIBU,2624.6719160104985,-6.3625,-37.75527777777778
SIBY,3280.839895013123,-7.878333333333334,-37.13666666666666
SIBZ,3280.839895013123,-7.311111111111111,-38.11361111111111
SILC,3280.839895013123,-13.037222222222223,-55.94222222222222
SIMK,6561.679790026246,-20.590277777777775,-47.3825
SJAU,4593.175853018372,-8.837777777777779,-49.55777777777777
SJBY,4921.259842519685,-3.653888888888889,-45.345
SBJA,8198.818897637795,-28.67527777777778,-49.06027777777778
SJOG,4284.776902887139,-9.884722222222221,-63.04888888888889
SJQN,4921.259842519685,-18.44611111111111,-50.409166666666664
SJRG,4921.259842519685,-32.08166666666667,-52.163333333333334
SJVO,3313.648293963254,-15.899166666666666,-52.24527777777778
SJZA,5249.343832020997,-6.882777777777778,-38.615833333333335
SNAB,4091.2073490813646,-7.586388888888888,-40.53527777777778
SNAE,4265.09186351706,-8.407777777777778,-37.08833333333334
SNAG,4921.259842519685,-18.668055555555558,-48.19027777777777
SNAL,3051.1811023622045,-9.77638888888889,-36.63055555555555
SNAM,5314.960629921259,-20.911388888888887,-44.894444444444446
SNAP,4921.259842519685,-15.733055555555556,-43.323888888888895
SNAR,4593.175853018372,-16.183888888888887,-40.66722222222222
SNAS,4921.259842519685,-18.224999999999998,-45.190555555555555
SBAC,5905.511811023622,-4.568611111111111,-37.80472222222222
SNAX,5541.3385826771655,-22.64,-50.45305555555556
SNBA,5905.511811023622,-20.585555555555555,-48.59583333333334
SNBG,3937.007874015748,-19.49888888888889,-41.04194444444444
SNBI,5249.343832020997,-4.228055555555556,-44.819722222222225
SNBM,3740.1574803149606,-21.128888888888888,-42.36694444444444
SNBR,5249.343832020997,-12.079166666666666,-45.00944444444445
SNBS,3280.839895013123,-7.525277777777777,-46.05333333333333
SNBX,4265.09186351706,-11.081111111111111,-43.1475
SNBZ,3937.007874015748,-13.490555555555554,-42.22916666666667
SNCA,4658.7926509186345,-20.8925,-45.33555555555556
SNCS,3937.007874015748,-7.049444444444444,-40.36416666666667
SNCT,3543.307086614173,-19.725277777777777,-42.111111111111114
SNCX,4265.09186351706,-19.484444444444446,-40.58444444444444
SNCZ,3477.6902887139104,-20.403055555555554,-42.916666666666664
SNDC,3149.606299212598,-8.031111111111112,-49.97972222222222
SNDT,5282.152230971128,-18.23222222222222,-43.650277777777774
SNDV,5052.49343832021,-20.181944444444447,-44.87
SNDW,3937.007874015748,-15.519444444444446,-40.8725
SNEB,4757.217847769029,-3.019722222222222,-47.31638888888889
SNED,4396.325459317585,-15.66638888888889,-38.95527777777778
SNEE,6627.296587926508,-28.431944444444447,-51.022777777777776
SNEU,3937.007874015748,-10.527500000000002,-39.0325
SNFE,5249.343832020997,-21.43166666666667,-45.933055555555555
SNFU,3280.839895013123,-20.004722222222224,-48.95888888888889
SNFX,5249.343832020997,-6.6402777777777775,-51.99
SNGA,3083.989501312336,-20.64638888888889,-40.49166666666667
SNGG,3937.007874015748,-9.059444444444445,-44.369166666666665
SNGI,5577.427821522309,-14.208055555555555,-42.74611111111111
SNGN,4114.173228346456,-8.834444444444445,-36.47138888888889
SNGT,4265.09186351706,-11.441666666666666,-42.51888888888889
SNHS,5226.377952755905,-8.061388888888889,-38.328611111111115
SNIB,3608.9238845144355,-12.499722222222221,-40.27027777777778
SNIC,4593.175853018372,-11.34,-41.846944444444446
SNIE,4478.346456692913,-14.012222222222222,-42.49388888888889
SNIG,4625.9842519685035,-6.347777777777777,-39.29861111111111
SNIO,5314.960629921259,-11.125277777777779,-38.48694444444445
SNIP,3477.6902887139104,-15.244444444444444,-40.27722222222222
SNIT,3608.9238845144355,-12.164444444444445,-43.22555555555556
SNIU,4265.09186351706,-14.173333333333332,-39.68416666666666
SNJB,2952.755905511811,-11.163055555555555,-40.55333333333333
SDIY,4921.259842519685,-12.200555555555555,-38.906388888888884
SNJK,3937.007874015748,-13.877777777777778,-40.07138888888889
SNJM,3838.582677165354,-20.259722222222223,-42.18388888888889
SNJN,3937.007874015748,-15.474722222222223,-44.38638888888889
SNJP,4265.09186351706,-17.7875,-46.12
SNJQ,3707.349081364829,-16.47222222222222,-41.025
SNJR,4593.175853018372,-21.085555555555555,-44.22527777777778
SNKF,2959.317585301837,-20.738611111111112,-43.79805555555556
SNKI,3937.007874015748,-20.835277777777776,-41.186388888888885
SNKK,3215.2230971128606,-6.439166666666667,-37.07805555555556
SNKS,2624.6719160104985,-10.989166666666666,-44.515277777777776
SNLI,3937.007874015748,-19.15722222222222,-45.49583333333334
SNLN,4429.133858267716,-19.35527777777778,-40.06944444444445
SNLO,4265.09186351706,-22.091666666666665,-45.04527777777778
SNMA,4675.1968503937005,-1.9966666666666668,-54.07138888888889
SNMC,4324.146981627297,-13.025,-42.67222222222222
SNMH,4248.687664041994,-15.848055555555556,-48.98027777777778
SNMJ,4265.09186351706,-13.386111111111111,-40.46611111111111
SNMK,4986.876640419947,-15.093333333333334,-43.97944444444445
SNMN,2624.6719160104985,-17.233888888888888,-42.58388888888889
SNMX,4429.133858267716,-18.72138888888889,-39.83361111111111
SNMZ,4166.666666666666,-1.7413888888888889,-52.23583333333333
SNNU,4002.6246719160104,-17.823055555555555,-40.32972222222222
SNOB,3389.107611548556,-3.6783333333333332,-40.33694444444445
SNOS,4921.259842519685,-20.733333333333334,-46.65972222222222
SNOU,3937.007874015748,-8.140833333333333,-70.34722222222221
SNOX,5249.343832020997,-1.713611111111111,-55.83583333333333
SNPA,3740.1574803149606,-19.842499999999998,-44.600833333333334
SNPC,3937.007874015748,-7.065277777777777,-41.519444444444446
SNPD,5577.427821522309,-18.672222222222224,-46.49138888888889
SNPJ,3937.007874015748,-18.909166666666664,-46.98277777777778
SBCZ,7874.015748031496,-7.599444444444444,-72.76944444444445
SNQD,3526.9028871391074,-6.785555555555556,-38.23388888888889
SNQG,5905.511811023622,-6.845833333333333,-43.0775
SNQU,4265.09186351706,-13.031666666666668,-41.44444444444444
SNQV,3937.007874015748,-18.749444444444446,-44.45805555555556
SNRD,3546.587926509186,-17.296944444444446,-39.27194444444444
SNRM,4429.133858267716,-9.58,-42.115833333333335
SNRU,5905.511811023622,-8.284444444444444,-36.01083333333333
SNRZ,3871.3910761154852,-20.714444444444442,-44.86527777777778
SNSG,4265.09186351706,-8.046666666666667,-39.13388888888889
SNSO,3018.3727034120734,-18.611111111111114,-43.42388888888889
SNSS,4855.643044619423,-16.208333333333332,-42.32194444444445
SNST,3937.007874015748,-12.097222222222223,-41.64055555555556
SNTF,4790.02624671916,-17.524444444444445,-39.66833333333333
SNTI,4986.876640419947,-1.8680555555555556,-55.51444444444444
SNTO,3904.1994750656168,-17.890833333333333,-41.515
SNTR,4025.590551181102,-11.738055555555555,-40.569722222222225
SNTS,5249.343832020997,-7.0377777777777775,-37.2575
SNUB,3543.307086614173,-21.1225,-42.882222222222225
SNUC,4921.259842519685,-5.595,-36.96083333333333
SNUI,3937.007874015748,-16.851944444444445,-42.04611111111111
SNUT,4658.7926509186345,-12.105555555555556,-41.074444444444445
SNVB,5905.511811023622,-13.296388888888888,-38.9925
SNVC,2952.755905511811,-20.744722222222222,-42.841944444444444
SNVD,3937.007874015748,-13.404722222222222,-44.223055555555554
SNVS,5249.343832020997,-1.636388888888889,-50.44333333333333
SNWC,3937.007874015748,-2.8966666666666665,-40.856944444444444
SNWS,4921.259842519685,-5.211111111111111,-40.70416666666667
SNXB,4921.259842519685,-21.9175,-44.96944444444445
SNXQ,4658.7926509186345,-10.834166666666667,-42.68333333333333
SNYB,3937.007874015748,-19.001944444444444,-49.48722222222222
SNYE,5708.6614173228345,-2.483611111111111,-45.06722222222223
SNYT,4921.259842519685,-13.82861111111111,-41.30222222222222
SNYU,5085.301837270341,-19.717777777777776,-50.2175
SNZA,4002.6246719160104,-22.28888888888889,-45.919444444444444
SNZR,4921.259842519685,-17.243055555555557,-46.88138888888889
SSAB,3937.007874015748,-23.763055555555557,-50.264722222222225
SSAN,3280.839895013123,-23.026944444444442,-50.22833333333333
SSAP,4593.175853018372,-23.612222222222222,-51.385
SSBE,3937.007874015748,-19.597777777777775,-54.01916666666666
SSBL,3543.307086614173,-26.83277777777778,-49.093611111111116
SSBN,3280.839895013123,-30.18777777777778,-51.18277777777777
SSCD,6561.679790026246,-18.839166666666664,-52.488055555555555
SSCI,4265.09186351706,-18.481388888888887,-54.715833333333336
SSCK,4855.643044619423,-27.180555555555557,-52.051111111111105
SSCN,4133.858267716535,-29.370555555555555,-50.83222222222223
SSCP,4593.175853018372,-23.152777777777775,-50.60277777777778
SSCR,4593.175853018372,-24.512777777777778,-54.053888888888885
SSCT,3937.007874015748,-23.691666666666666,-52.64222222222222
SSER,4199.475065616798,-27.66,-52.27611111111111
SSFB,4396.325459317585,-26.05888888888889,-53.06333333333333
SSFL,4921.259842519685,-7.1,-40.62833333333333
SSGA,3937.007874015748,-29.26833333333333,-51.532222222222224
SSGB,3248.031496062992,-25.880555555555556,-48.61222222222222
SSGW,2621.3910761154852,-24.21972222222222,-53.04388888888889
SSGY,4265.09186351706,-24.079722222222223,-54.18805555555555
SSHZ,3444.8818897637793,-27.638333333333332,-54.33888888888889
SSJA,4133.858267716535,-27.172777777777778,-51.55166666666666
SSJI,3116.797900262467,-21.49277777777778,-56.15277777777778
SSKG,3608.9238845144355,-20.505555555555556,-54.52472222222222
SSKM,4593.175853018372,-24.0025,-52.356944444444444
SSKS,3346.4566929133857,-30.002222222222223,-52.94027777777777
SSKU,4068.241469816273,-27.287222222222223,-50.60388888888889
SSKW,6889.763779527559,-11.495555555555555,-61.450833333333335
SSKZ,5118.110236220472,-28.32138888888889,-52.815555555555555
SSLN,3608.9238845144355,-27.160277777777775,-49.54333333333333
SSLS,4160.10498687664,-12.27138888888889,-40.53055555555555
SSLT,3937.007874015748,-29.8125,-55.89222222222222
SSMR,3937.007874015748,-24.529444444444444,-51.651666666666664
SSMT,3198.818897637795,-31.104166666666668,-50.91222222222222
SSNB,3937.007874015748,-23.04138888888889,-54.184999999999995
SSOE,4133.858267716535,-26.78111111111111,-53.50333333333333
SSOG,3937.007874015748,-23.355833333333333,-51.490833333333335
SSOL,4921.259842519685,-21.24388888888889,-44.96944444444445
SBPO,4320.866141732283,-26.21722222222222,-52.69444444444444
SSPG,4773.622047244095,-25.540555555555557,-48.53111111111111
SSPI,4921.259842519685,-23.09,-52.48861111111111
SSPL,3280.839895013123,-27.901666666666664,-53.32888888888889
SSPM,4265.09186351706,-21.712777777777777,-57.87916666666667
SSPN,4330.708661417322,-19.65111111111111,-51.19944444444444
SSPS,3248.031496062992,-26.47222222222222,-51.97555555555556
SSQC,3937.007874015748,-23.674444444444447,-49.81888888888889
SSQZ,4265.09186351706,-12.106388888888889,-45.894999999999996
SSRE,3937.007874015748,-25.801111111111112,-53.51305555555555
SSRG,4691.6010498687665,-24.531666666666666,-47.84027777777778
SSRK,4921.259842519685,-9.51361111111111,-42.99583333333334
SSRS,4921.259842519685,-2.756666666666667,-42.80444444444444
SSSB,4921.259842519685,-28.653055555555554,-56.032777777777774
SSSC,3871.3910761154852,-29.683611111111112,-52.41222222222222
SSTB,4494.750656167978,-26.13277777777778,-50.30972222222222
SSUM,4593.175853018372,-23.799166666666668,-53.31388888888888
SSUV,3280.839895013123,-26.231666666666666,-51.06888888888889
SSVC,6889.763779527559,-14.907777777777778,-40.914722222222224
SSVI,4593.175853018372,-26.999722222222225,-51.14138888888889
SBJE,7217.847769028871,-2.9066666666666667,-40.35805555555556
SSXX,3769.6850393700784,-26.875555555555557,-52.37305555555555
SSZR,3937.007874015748,-27.90888888888889,-54.52222222222222
SBPG,4691.6010498687665,-25.184444444444445,-50.14388888888889
SWBC,3937.007874015748,-0.9808333333333333,-62.91888888888889
SWBE,4921.259842519685,-4.05,-40.88333333333333
SWBG,4921.259842519685,-15.193333333333333,-59.38527777777778
SWBR,3937.007874015748,-4.408611111111111,-59.59777777777778
SWCA,5462.59842519685,-4.871388888888889,-66.89750000000001
SWCQ,4904.855643044619,-12.421666666666667,-64.25166666666667
SWCZ,3937.007874015748,-15.344722222222222,-49.60472222222222
SWDM,4855.643044619423,-14.376944444444446,-56.400555555555556
SWDN,4921.259842519685,-11.595277777777778,-46.84777777777778
SWEI,5249.343832020997,-6.637499999999999,-69.88305555555554
SWFN,2723.097112860892,-3.072777777777778,-60.02111111111111
SWFR,4593.175853018372,-15.556111111111111,-47.34527777777778
SWGI,5577.427821522309,-11.739166666666666,-49.132222222222225
SWGN,5918.635170603674,-7.2283333333333335,-48.240833333333335
SWHG,3280.839895013123,-17.883888888888887,-50.56722222222223
SWHP,5337.926509186352,-14.019444444444446,-52.15222222222222
SWII,4921.259842519685,-2.9336111111111114,-69.69472222222223
SWIQ,4183.070866141732,-13.550555555555556,-48.20055555555556
SWJN,5249.343832020997,-11.419444444444444,-58.70166666666667
SWJW,4921.259842519685,-17.83,-51.775277777777774
SWKC,4215.879265091863,-16.04277777777778,-57.62972222222222
SWKO,5249.343832020997,-4.133888888888889,-63.13111111111111
SWKQ,5413.385826771653,-9.082777777777778,-42.644444444444446
SWKT,4593.175853018372,-18.216944444444444,-47.90138888888889
SWLB,3280.839895013123,-7.250277777777778,-64.78388888888888
SWLC,4921.259842519685,-17.834722222222222,-50.95611111111111
SWME,3280.839895013123,-17.551944444444445,-52.55611111111111
SWMW,3937.007874015748,-3.3569444444444447,-57.71222222222222
SWNH,4265.09186351706,-14.933055555555555,-51.04833333333333
SWNK,5249.343832020997,-8.83361111111111,-67.31222222222222
SWNS,6043.3070866141725,-16.3625,-48.92805555555555
SBNV,3608.9238845144355,-16.625555555555557,-49.349444444444444
SWPI,5905.511811023622,-2.6694444444444443,-56.77111111111111
SWPM,4265.09186351706,-11.641666666666666,-61.18111111111111
SWPR,3543.307086614173,-17.319166666666668,-48.334722222222226
SWPZ,4921.259842519685,-14.123888888888889,-46.341944444444444
SBSI,5347.769028871391,-11.885,-55.586111111111116
SWTO,3937.007874015748,-10.173888888888888,-48.93277777777777
SWTP,3937.007874015748,-0.41694444444444445,-65.03388888888888
SWTS,4921.259842519685,-14.661944444444444,-57.443888888888885
SWUA,4921.259842519685,-13.33388888888889,-50.20583333333334
SWUD,3280.839895013123,-20.445833333333333,-44.812777777777775
SWUZ,3937.007874015748,-16.261666666666667,-47.968611111111116
SWWA,4921.259842519685,-13.404444444444445,-49.157222222222224
SWWU,4724.4094488188975,-14.525555555555556,-49.13777777777778
SWXQ,5577.427821522309,-21.662777777777777,-49.73111111111111
SWYN,3937.007874015748,-7.1722222222222225,-59.83888888888889
SNDH,5019.685039370079,-12.160277777777779,-45.0225
SNVR,4265.09186351706,-13.02138888888889,-38.68111111111111
SDIO,4330.708661417322,-21.599722222222223,-48.83277777777778
SIGL,5183.727034120735,-12.175277777777778,-38.38
SSOU,4265.09186351706,-10.185555555555556,-59.45777777777778
SILS,4593.175853018372,-14.636666666666667,-57.60805555555556
SIAQ,5106.627296587926,-15.506388888888889,-56.098333333333336
SIQE,4917.979002624672,-15.937222222222223,-47.727222222222224
SDNM,5055.774278215223,-13.817222222222222,-56.03611111111111
SWIS,4593.175853018372,-9.186388888888889,-49.77611111111111
SIRJ,4678.477690288713,-4.303888888888888,-56.219166666666666
SIZO,4921.259842519685,-14.190277777777778,-51.64388888888889
SWCC,4265.09186351706,-20.83888888888889,-52.30166666666666
SWPW,4527.55905511811,-23.12666666666667,-45.66277777777778
SWLY,4429.133858267716,-20.88111111111111,-51.35638888888889
SNCI,4429.133858267716,-1.2361111111111112,-47.20527777777778
SJCA,5249.343832020997,-21.531666666666666,-47.04694444444444
SNLL,5380.577427821522,-16.449166666666667,-49.01222222222222
SJDS,5905.511811023622,-3.917222222222222,-38.48916666666667
SNDR,4980.314960629921,-5.0808333333333335,-42.87361111111111
SIDB,4691.6010498687665,-4.268888888888889,-43.00055555555556
SDJA,4593.175853018372,-22.19472222222222,-47.86194444444445
SBGP,9842.51968503937,-21.764444444444443,-48.40472222222222
SJCY,5249.343832020997,-15.679444444444444,-55.955555555555556
SNEK,4461.942257217847,-12.965,-45.976111111111116
SWWL,4101.049868766404,-15.685833333333333,-52.266666666666666
SIPG,4757.217847769029,-14.138055555555555,-51.46638888888889
SWRZ,4527.55905511811,-14.351388888888888,-56.71361111111111
SDWH,4921.259842519685,-21.189444444444444,-49.93694444444444
SJBB,4921.259842519685,-9.525,-49.88666666666666
SIXL,4855.643044619423,-6.416111111111111,-52.38055555555555
SSIF,4265.09186351706,-23.560277777777777,-54.03388888888889
SIBC,4593.175853018372,-20.67638888888889,-51.030833333333334
SSQS,5249.343832020997,-15.034166666666666,-52.31722222222223
SDMY,4921.259842519685,-21.63277777777778,-48.47944444444445
SDKO,4921.259842519685,-20.25777777777778,-48.78861111111111
SNZK,5118.110236220472,-15.023333333333333,-44.04333333333333
SNLQ,4921.259842519685,-14.065833333333334,-50.415277777777774
SNEW,4668.635170603674,-19.662499999999998,-50.950833333333335
SWZT,4068.241469816273,-19.255,-44.47361111111111
SNDI,4921.259842519685,-22.792222222222225,-54.17944444444444
SNXG,4593.175853018372,-6.7747222222222225,-49.36138888888889
SDEO,4921.259842519685,-21.878611111111113,-48.659444444444446
SWGG,4921.259842519685,-14.766944444444444,-57.26722222222222
SWYK,4527.55905511811,-17.0625,-56.58361111111111
SWIN,6561.679790026246,-14.24472222222222,-57.992222222222225
SIRN,4757.217847769029,-14.769166666666667,-51.98583333333333
SSHX,4199.475065616798,-23.925,-55.29972222222222
SJYD,4265.09186351706,-11.964722222222221,-61.68666666666666
SNLA,4835.958005249344,-6.564722222222222,-49.725
SNTD,4363.517060367454,-16.584999999999997,-46.50944444444445
SSUK,4330.708661417322,-20.64,-51.47666666666667
SWJU,4265.09186351706,-11.543333333333333,-49.49277777777778
SSHE,5249.343832020997,-13.905833333333334,-60.323055555555555
SDDX,4429.133858267716,-19.884166666666665,-50.504444444444445
SWFA,4265.09186351706,-16.223055555555554,-47.6275
SSAI,5249.343832020997,-14.105,-46.79833333333333
SSQD,4265.09186351706,-13.046944444444444,-52.177499999999995
SSZQ,4757.217847769029,-22.03888888888889,-56.269444444444446
SIIA,4593.175853018372,-11.7,-58.21805555555556
SDPH,5839.89501312336,-12.821944444444444,-50.33222222222223
SWUV,4658.7926509186345,-7.5025,-44.20333333333333
SSFW,4068.241469816273,-13.157222222222222,-41.507222222222225
SJUR,4921.259842519685,-13.468055555555555,-54.09722222222222
SSAD,5905.511811023622,-18.763055555555557,-52.92611111111111
SIOL,5249.343832020997,-19.199722222222224,-52.96888888888889
SWRI,4133.858267716535,-12.157222222222222,-52.2725
SDVX,4101.049868766404,-10.307777777777778,-56.57916666666667
SDQH,4921.259842519685,-10.653333333333334,-58.60277777777778
SJDB,4757.217847769029,-15.055833333333334,-51.36388888888889
SNVH,4691.6010498687665,-16.241944444444446,-57.983333333333334
SDZH,4593.175853018372,-22.890555555555554,-45.49305555555556
SDLU,4593.175853018372,-22.483333333333334,-48.52444444444444
SILO,5249.343832020997,-14.248888888888889,-50.88055555555555
SDWG,6725.7217847769025,-13.059166666666668,-45.132777777777775
SWTG,4921.259842519685,-20.84722222222222,-50.78805555555555
SNJV,5249.343832020997,-15.998333333333333,-43.73833333333334
SWGW,4265.09186351706,-15.438611111111111,-51.598333333333336
SIOT,5085.301837270341,-21.488055555555558,-52.407222222222224
SDAS,4199.475065616798,-21.275277777777777,-51.28333333333333
SWSD,4222.44094488189,-15.616944444444444,-51.81444444444444
SDJQ,4593.175853018372,-20.828333333333333,-51.00805555555556
SNFI,4921.259842519685,-18.3875,-48.861666666666665
SDOB,4068.241469816273,-21.42527777777778,-46.754444444444445
SISD,4589.89501312336,-18.14527777777778,-51.27388888888889
SJCQ,4921.259842519685,-11.935555555555556,-40.04972222222222
SWSG,4921.259842519685,-13.604444444444445,-59.31722222222223
SIMR,4265.09186351706,-17.750833333333333,-51.15611111111111
SNGV,4921.259842519685,-12.726944444444445,-52.384166666666665
SWQL,4068.241469816273,-16.6825,-52.25277777777778
SWTU,4921.259842519685,-13.465277777777777,-58.86638888888889
SDNA,4265.09186351706,-19.671944444444446,-48.99527777777778
SJSH,4396.325459317585,-27.370555555555555,-48.61361111111111
SSFA,4921.259842519685,-25.981666666666666,-51.64083333333333
SJFA,4265.09186351706,-12.916666666666666,-45.722500000000004
SNTG,4924.540682414698,-11.275277777777779,-45.23777777777778
SBIT,5741.4698162729655,-18.445,-49.21416666666667
SBTC,6561.679790026246,-15.353333333333333,-38.99722222222222
SIPE,4701.443569553806,-7.656666666666667,-34.856944444444444
SNXH,4839.238845144357,-4.513055555555556,-44.019999999999996
SJCW,4412.72965879265,-1.712222222222222,-58.51083333333333
SDJR,4921.259842519685,-19.43027777777778,-44.30444444444444
SJOY,4593.175853018372,-25.40111111111111,-49.79944444444444
SJHD,4265.09186351706,-6.831944444444444,-47.81777777777778
SWNB,6561.679790026246,-12.068333333333333,-45.71138888888889
SNMU,4593.175853018372,-18.049444444444447,-39.86333333333334
SSYD,4921.259842519685,-19.198888888888888,-47.72777777777778
SSBY,4593.175853018372,-20.099444444444444,-56.79416666666666
SJRW,5249.343832020997,-19.34111111111111,-52.689722222222215
SJRV,5249.343832020997,-13.387777777777778,-57.6175
SWXE,5249.343832020997,-13.876666666666667,-53.24
SSXO,4399.606299212598,-23.290555555555557,-52.12916666666667
SIFV,5249.343832020997,-19.82638888888889,-40.100833333333334
SWGO,4271.653543307087,-15.343055555555557,-49.13583333333333
SWIY,5052.49343832021,-11.573333333333332,-50.66833333333333
SSDK,4265.09186351706,-20.075833333333332,-44.72833333333333
SNLG,4133.858267716535,-19.398611111111112,-43.74638888888889
SIPK,4921.259842519685,-16.496944444444445,-56.42166666666667
SSXH,5708.6614173228345,-14.258333333333333,-41.82083333333334
SINJ,4429.133858267716,-20.472777777777775,-53.69277777777778
SBTV,4921.259842519685,-16.54138888888889,-39.10805555555556
SNXV,4921.259842519685,-18.762777777777778,-45.11333333333334
SSBZ,4265.09186351706,-22.766111111111112,-41.96555555555556
SBUY,4330.708661417322,-4.883055555555556,-65.35583333333332
SJXC,4593.175853018372,-16.18305555555556,-39.35805555555556
SDGF,4921.259842519685,-21.552500000000002,-54.23361111111111
SDTY,5249.343832020997,-21.39,-48.11388888888889
SSYO,5839.89501312336,-18.98888888888889,-50.56638888888889
SSUT,5249.343832020997,-14.77638888888889,-57.18833333333333
SSAT,4921.259842519685,-17.954722222222223,-46.861111111111114
SJXS,4921.259842519685,-16.104444444444447,-39.36388888888889
SWJP,4921.259842519685,-1.4038888888888887,-69.42361111111111
SNYS,4757.217847769029,-18.222777777777775,-45.995555555555555
SSZD,4593.175853018372,-8.774166666666668,-63.73388888888889
AR-0134,7431.0,-43.533599853515625,-71.48470306396484
AR-0143,5085.0,-34.0013999939,-65.366897583
AR-0333,4429.0,-33.061883,-68.50864399999999
AR-0335,6138.0,-41.8428,-65.0822
AR-0346,4331.0,-30.9575,-61.5283
AR-0382,4111.0,-32.1850013733,-64.4882965088
AR-0462,5905.0,-26.753611,-60.492222
AR-0622,6562.0,-28.795111,-66.914675
BR-0039,4707.0,-18.7872,-50.9365
BR-0353,4921.0,-22.792222,-54.179444
BR-0404,4921.0,-19.430741,-44.304789
CL-SC49,4472.0,-20.734699249267575,-69.62570190429689
CO-0054,8268.0,11.4988,-72.9892
EGYP,8497.0,-51.82279968261719,-58.44720077514648
LCP,5249.0,-38.081902,-70.643898
SA01,5085.0,-25.104999542199998,-66.15720367429999
SA02,7242.0,-26.0561008453,-65.9368972778
SA04,4150.0,-34.1821,-58.2469
SA05,5453.0,-32.6599,-62.702
SA06,4921.0,-35.8283,-60.1467
SA10,4921.0,-26.2959,-59.5353
SA11,6348.0,-27.0722999573,-66.58609771729999
SA13,4593.0,-37.559398651100004,-58.6660003662
SA14,5472.0,-38.2271,-57.8697
SA21,4101.0,-37.8097991943,-67.6593017578
SA23,6070.0,-27.903200149499998,-55.765499115
SA24,5873.0,-23.7819004059,-64.74949646
SA29,6562.0,-39.2863998413,-65.6102981567
SA32,4921.0,-33.6818,-61.9564
SA34,5413.0,-43.2356,-65.3241
SA35,5020.0,-27.6317005157,-66.35079956050001
SA38,5249.0,-38.538898468,-70.337097168
SA39,4050.0,-24.2364997864,-65.2690963745
SA40,5413.0,-31.6028003693,-68.5473022461
SA42,5905.0,-26.673400878900004,-66.0240020752
SA44,5413.0,-27.707899093600002,-67.0951004028
SA45,4921.0,-28.6343994141,-65.1091995239
SA46,6234.0,-27.6422,-67.624702
SAAC,5249.0,-31.2969,-57.9966
SAAG,4364.0,-33.0103,-58.6131
SAAP,6890.0,-31.7948,-60.4804
SAAR,9842.0,-32.9036,-60.785
SAAV,7628.0,-31.7117,-60.8117
SABE,6890.0,-34.5592,-58.4156
SACA,4232.0,-31.4419002533,-64.2582015991
SACO,10499.0,-31.323601,-64.208
SADF,5909.0,-34.4532,-58.5896
SADL,4682.0,-34.9722,-57.8947
SADM,9350.0,-34.6763,-58.6428
SADO,5905.0,-34.5344,-58.6717
SADP,6923.0,-34.6099,-58.6126
SAEZ,10827.0,-34.8222,-58.5358
SAHC,4921.0,-37.444698333699996,-70.2225036621
SAHR,7073.0,-39.0007019043,-67.6204986572
SAHS,4921.0,-37.3905982971,-68.9041976929
SAHZ,7218.0,-38.975497999999995,-70.113602
SAME,9301.0,-32.831699371300004,-68.7929000854
SAMM,8694.0,-35.493598938000005,-69.5743026733
SAMR,6923.0,-34.588299,-68.4039
SANC,9186.0,-28.5956001282,-65.751701355
SANE,7946.0,-27.7655563354,-64.3099975586
SANL,9383.0,-29.381599426300003,-66.7957992554
SANO,6890.0,-29.2238998413,-67.4389038086
SANT,11483.0,-26.8409,-65.104897
SANU,8071.0,-31.571501,-68.418198
SAOC,7431.0,-33.0850982666,-64.2612991333
SAOD,4593.0,-31.945199966399997,-65.1463012695
SAOL,8769.0,-22.1506004333,-65.57749938959999
SAOR,7874.0,-33.729900360100004,-65.3873977661
SAOS,8366.0,-32.3847007751,-65.1865005493
SAOU,9678.0,-33.2732009888,-66.3563995361
SARC,6890.0,-27.4455,-58.7619
SARE,9088.0,-27.45,-59.0561
SARF,5905.0,-26.2127,-58.2281
SARI,10827.0,-25.737301000000002,-54.4734
SARL,7415.0,-29.6894,-57.1521
SARP,7218.0,-27.3858,-55.9707
SASA,9842.0,-24.856000900300003,-65.4861984253
SASJ,9698.0,-24.392799,-65.097801
SASO,4839.0,-23.1527996063,-64.3292007446
SASQ,8858.0,-34.1353988647,-63.362300872799985
SAST,4921.0,-22.619600295999998,-63.7937011719
SATD,4695.0,-26.397499084499998,-54.5746994019
SATG,7415.0,-29.1058,-59.2189
SATO,5905.0,-27.518199920700003,-55.1241989136
SATR,9186.0,-29.2103,-59.68
SATU,7054.0,-29.7706,-57.9789
SAVB,4265.0,-41.9431991577,-71.53230285640001
SAVC,9219.0,-45.7853,-67.4655
SAVE,7874.0,-42.908000946,-71.139503479
SAVH,4593.0,-46.53829956049999,-68.9653015137
SAVJ,6890.0,-41.3208999634,-69.5748977661
SAVN,5905.0,-40.7512,-65.0343
SAVT,8399.0,-43.2105,-65.2703
SAVV,8366.0,-40.8692,-63.0004
SAVY,8202.0,-42.7592,-65.1027
SAWC,8366.0,-50.2803,-72.053101
SAWD,4921.0,-47.7353,-65.9041
SAWE,6562.0,-53.7777,-67.7494
SAWG,11644.0,-51.6089,-69.3126
SAWH,9186.0,-54.8433,-68.2958
SAWJ,6562.0,-49.3068,-67.8026
SAWO,5299.0,-54.8227,-68.3043
SAWP,5577.0,-46.537898999999996,-70.978699
SAWT,6340.0,-51.605,-72.2203
SAWU,6561.0,-50.0165,-68.5792
SAZB,8579.0,-38.725,-62.1693
SAZC,4265.0,-37.446098,-61.889301
SAZF,7218.0,-36.8899993896,-60.216598510699995
SAZG,7710.0,-35.696201324499995,-63.7583007812
SAZL,4921.0,-36.5423,-56.7218
SAZM,7218.0,-37.9342,-57.5733
SAZN,8432.0,-38.949001,-68.15570100000001
SAZO,4921.0,-38.4831,-58.8172
SAZP,4921.0,-35.8446,-61.8576
SAZR,7546.0,-36.588299,-64.27570300000001
SAZS,7703.0,-41.151199,-71.157501
SAZT,8366.0,-37.2374000549,-59.227901458699996
SAZV,5709.0,-37.2354,-57.0292
SAZW,5558.0,-38.939701080300004,-69.2646026611
SAZY,8202.0,-40.075401,-71.137299
SB06,4250.0,-15.8489,-48.982601
SBAF,6565.0,-22.875099,-43.384701
SBAM,5003.0,2.0775099999999997,-50.8582
SBAN,10827.0,-16.2292,-48.964298
SBBQ,5774.0,-21.2672,-43.761101000000004
SBBT,5906.0,-20.584499359131,-48.594100952148
SBBZ,4265.0,-22.770999908447266,-41.96289825439453
SBCC,8527.0,-9.333939552310001,-54.9654006958
SBCM,4882.0,-28.724443435700003,-49.4213905334
SBCO,9026.0,-29.945928000000002,-51.144413
SBCV,5020.0,-17.652299880981,-39.253101348877
SBES,5906.0,-22.81290054321289,-42.09260177612305
SBGU,5315.0,-25.387501,-51.520199
SBLN,5577.0,-21.663999557494996,-49.730499267578004
SBLS,6037.0,-19.66160011291504,-43.896400451660156
SBMC,4183.0,-13.5491,-48.195301
SBMN,7119.0,-3.1460399627685547,-59.98630142211914
SBNT,8530.0,-5.91141986847,-35.2476997375
SBPN,5577.0,-10.719402,-48.3997
SBSC,8986.0,-22.9324,-43.719101
SBST,4560.0,-23.928056716918945,-46.299720764160156
SBTA,6170.0,-23.04010009765625,-45.51599884033203
SBTL,5906.0,-24.317800521850586,-50.6515998840332
SBTR,4921.0,-29.41489982605,-49.810001373290994
SBTS,5249.0,2.2234700000000003,-55.946098
SBYA,5249.0,0.6075000166893,-69.18579864502
SBYS,6923.0,-21.984600067138672,-47.33480072021485
SC1A,10165.0,-20.427099227905273,-69.64150238037111
SCAR,7119.0,-18.348499,-70.338699
SCAS,4167.0,-45.39920043945313,-72.67030334472656
SCAT,7218.0,-27.2611999512,-70.7791976929
SCBA,8205.0,-45.916099548339844,-71.68949890136719
SCBE,5380.0,-22.14109992980957,-70.06289672851561
SCBQ,6024.0,-33.561798095703125,-70.68840026855469
SCCF,9478.0,-22.498199462890625,-68.90360260009766
SCCH,5740.0,-36.58250045776367,-72.03140258789062
SCCI,9154.0,-53.002602,-70.854599
SCCY,5072.0,-45.594200134277344,-72.1061019897461
SCDA,10991.0,-20.535200119018555,-70.18129730224611
SCDW,4905.0,-53.61069869995117,-70.47049713134766
SCEC,4199.0,-29.14489936828613,-70.88780212402344
SCEL,12303.0,-33.393001556396484,-70.78579711914062
SCES,7546.0,-26.31110000610352,-69.76519775390625
SCFA,8527.0,-23.444501000000002,-70.445099
SCFM,8202.0,-53.253700256347656,-70.31919860839844
SCFX,6562.0,-26.29389953613281,-80.09619903564453
SCGE,5577.0,-37.40169906616211,-72.42539978027344
SCGZ,4724.0,-54.93109893798828,-67.62629699707031
SCHA,5446.0,-27.296899795500003,-70.4131011963
SCIE,7540.0,-36.772701,-73.063103
SCIP,10827.0,-27.164800643899998,-109.42199707
SCJO,5578.0,-40.61119842529297,-73.06099700927734
SCKD,4134.0,-40.46780014038086,-72.68499755859375
SCKP,10499.0,-20.7505,-68.683502
SCLL,4624.0,-28.596399307250977,-70.75599670410156
SCNT,5786.0,-51.67150115966797,-72.52839660644531
SCOH,4265.0,-48.46921157836914,-72.56431579589844
SCPC,5576.0,-39.29280090332031,-71.91590118408203
SCPE,6560.0,-22.92169952392578,-68.15840148925781
SCPS,5289.0,-27.351667404174805,-70.58944702148438
SCRG,5414.0,-34.17369842529297,-70.77570343017578
SCSE,6358.0,-29.916201,-71.199501
SCTC,5577.0,-38.766799926758,-72.637100219727
SCTE,8694.0,-41.43889999389648,-73.09400177001953
SCTN,4670.0,-42.93280029296875,-72.6990966796875
SCVD,6870.0,-39.6500015259,-73.08609771729999
SCVL,4101.0,-39.7969017029,-73.24169921880002
SCVM,5760.0,-32.9496,-71.4786
SDAJ,5020.0,-22.5967,-54.0811
SDFA,4593.0,-20.676399,-51.0308
SDKR,4675.0,-15.175000190734865,-59.17111206054688
SDLW,4265.0,-13.446944236755373,-57.78111267089844
SDQZ,4593.0,-15.3972215652,-52.07472229
SDUO,5184.0,-12.175100326538086,-38.38019943237305
SDYF,4265.0,-13.106666564941404,-55.99305725097656
SDYW,4921.0,-23.9414005279541,-48.88180160522461
SDZM,4593.0,-23.9224,-48.818298
SDZS,4265.0,-20.57999992370605,-49.0797004699707
SDZY,8284.0,-21.5130558014,-43.1730575562
SE08,4265.0,-2.0547199249267583,-79.43309783935547
SE09,4265.0,-2.181669950485229,-79.23670196533203
SEAM,6316.0,-1.2120699882507324,-78.57460021972656
SECO,6760.0,-0.4628860056400299,-76.98680114746094
SECU,6234.0,-2.88947,-78.984398
SEGS,7876.0,-0.4537580013275146,-90.26589965820312
SEGU,9154.0,-2.15741991997,-79.88359832760001
SEGZ,6601.0,-3.4232099056243896,-78.56700134277344
SEIB,6365.0,0.33841899037361145,-78.13639831542969
SEII,4921.0,-0.942628026009,-90.95300292969999
SELT,12117.0,-0.906833,-78.615799
SEMC,8202.0,-2.299170017242432,-78.12079620361328
SEMH,5493.0,-3.2689,-79.961601
SEMO,4725.0,-2.0670099258422847,-76.97570037841797
SEMT,9383.0,-0.9460780024528505,-80.67880249023438
SEPC,5255.0,-2.7517199516296387,-78.26360321044922
SEPV,7451.0,-1.0416500568389893,-80.47219848632812
SEQE,4450.0,-0.989400029182434,-79.46510314941406
SERB,5250.0,-1.6534299850463867,-78.65609741210938
SERO,8625.0,-3.441986,-79.996957
SESA,7995.0,-2.20499,-80.988899
SESM,5052.0,-1.5052399635299998,-78.0626983643
SEST,6214.0,-0.910206,-89.617401
SESV,7227.0,-0.6081110239028931,-80.40270233154297
SETA,10015.0,-2.2610399723052983,-79.6801986694336
SETM,6725.0,-3.99589,-79.371902
SETN,7874.0,0.9785190224647522,-79.62660217285156
SETR,5151.0,-0.12295600026845932,-76.33779907226562
SETU,8071.0,0.8095059990882874,-77.70809936523438
SG67,4757.0,-23.21999931335449,-55.95000076293945
SGAS,10997.0,-25.239999771118164,-57.52000045776367
SGAY,6070.0,-27.370554,-56.854064
SGCO,6070.0,-23.442363,-57.427253
SGEN,7218.0,-27.227365999999996,-55.837495
SGES,11154.0,-25.454516,-54.842681999999996
SGIB,4987.0,-25.407519,-54.619377
SGME,11483.0,-22.049999237060547,-60.61999893188477
SGPI,4920.0,-26.881224,-58.318026
SGPJ,5908.0,-22.63999938964844,-55.83000183105469
SGST,5895.0,-22.622754,-56.63450699999999
SIAI,4528.0,-16.23611068725586,-56.91888809204102
SICO,4265.0,-13.319722175598145,-56.04694366455078
SIGO,4593.0,-13.336665,-53.957779
SINV,4528.0,-8.228333473205566,-37.75638961791992
SIUW,4265.0,-20.83919906616211,-52.30160140991211
SIWA,4429.0,-10.748888969421387,-59.36861038208008
SIWG,4593.0,-14.556388854980467,-55.81999969482422
SIWJ,4429.0,-15.528713,-55.141441
SIWM,4101.0,-17.99138832092285,-49.5352783203125
SIWN,4593.0,-17.842777252197266,-49.58194351196289
SIWV,4265.0,-7.8561110496521,-56.71444320678711
SIXP,4921.0,-14.07229995727539,-57.45069885253906
SIYQ,4921.0,-12.791666984558105,-56.49861145019531
SJAX,4462.0,-12.96500015258789,-45.976112365722656
SJFV,4160.0,-18.76000022888184,-48.75527954101562
SJGU,4921.0,-5.6844401359558105,-48.1156005859375
SJHZ,4265.0,-13.245555877685547,-54.03388977050781
SJIZ,4593.0,-15.868888854980467,-59.21888732910156
SJJM,4265.0,-13.532221794128418,-58.76527786254883
SJKA,5528.0,-13.63527774810791,-57.89944458007813
SJNL,4980.0,-13.620278358459473,-57.580833435058594
SJNS,4921.0,-9.225556373596193,-57.022499084472656
SJRB,4593.0,-10.113056182861328,-52.50500106811523
SJRI,4429.0,-8.406389236450195,-45.44138717651367
SJTB,4593.0,-15.46500015258789,-55.62250137329102
SJTC,6890.0,-22.1668591409,-49.0502866745
SJTO,4593.0,-14.14388942718506,-57.780555725097656
SJVP,5249.0,-0.7991669774060001,-60.0838890076
SJWE,4265.0,-13.404722213745115,-52.84833145141602
SJYW,4265.0,-10.33138942718506,-50.94027709960938
SJZM,4429.0,-12.60694408416748,-46.74722290039063
SK53,4198.0,3.88,-73.339996
SKAP,8204.0,4.07607,-73.5627
SKAR,7045.0,4.452780000000001,-75.7664
SKAS,5331.0,0.505228,-76.5008
SKBG,7381.0,7.1265,-73.1848
SKBN,4935.0,10.8879,-72.9004
SKBO,12467.0,4.70159,-74.1469
SKBQ,9842.0,10.8896,-74.7808
SKCC,7700.0,7.927569999999999,-72.5115
SKCG,8530.0,10.4424,-75.513
SKCL,9842.0,3.54322,-76.3816
SKCO,5249.0,1.8144200000000001,-78.7492
SKCV,4396.0,9.40092,-75.6913
SKCZ,4930.0,9.33274,-75.2856
SKEB,4310.0,7.59647,-74.8089
SKEJ,5905.0,7.02433,-73.8068
SKFL,4921.0,1.5891899999999999,-75.5644
SKGB,6233.0,3.45899,-76.4966
SKGI,5249.0,4.2762400000000005,-74.7967
SKGO,7218.0,4.75818,-75.9557
SKGP,4256.0,2.57013,-77.8986
SKGY,5643.0,4.81233,-74.0649
SKIB,5905.0,4.42161,-75.1333
SKIO,4167.0,9.26878,-74.6523
SKIP,5774.0,0.861925,-77.6718
SKLC,7153.0,7.811960000000001,-76.7164
SKLM,4876.0,11.2325,-72.4901
SKLT,6168.0,-4.19355,-69.9432
SKMA,6070.0,4.7278,-74.2754
SKMD,8202.0,6.220549,-75.590582
SKMG,4921.0,9.28474,-74.8461
SKMJ,5300.0,11.3899,-72.23919699999999
SKMP,4068.0,9.25872,-74.438
SKMR,6285.0,8.823739999999999,-75.8258
SKMU,5889.0,1.25366,-70.2339
SKMZ,4835.0,5.0296,-75.4647
SKNV,5880.0,2.95015,-75.294
SKPA,5382.0,5.76454,-73.1054
SKPB,5540.0,12.2215,-71.9848
SKPC,5907.0,6.1847199999999996,-67.4932
SKPD,5910.0,3.85353,-67.9062
SKPE,6627.0,4.81267,-75.7395
SKPI,4912.0,1.8577700000000001,-76.0857
SKPP,6266.0,2.4544,-76.6093
SKPQ,9987.0,5.48361,-74.6574
SKPR,4230.0,6.46034,-74.4105
SKPS,7585.0,1.39625,-77.2915
SKPZ,4935.0,5.87615,-71.8866
SKQU,5905.0,5.21256,-74.8836
SKRG,11483.0,6.164540000000001,-75.4231
SKRH,5413.0,11.5262,-72.926
SKSJ,4897.0,2.5796900000000003,-72.6394
SKSM,5577.0,11.1196,-74.2306
SKSO,6171.0,5.67732,-72.9703
SKSP,7808.0,12.5836,-81.7112
SKSV,4921.0,2.15217,-74.7663
SKTB,4921.0,8.63152,-72.7304
SKTI,9280.0,4.2448,-74.649901
SKTM,6561.0,6.45108,-71.7603
SKTQ,6220.0,0.7459,-75.234
SKUA,6780.0,5.5244800000000005,-68.6856
SKUC,6890.0,7.06888,-70.7369
SKUI,4593.0,5.69076,-76.6412
SKVG,4320.0,0.978767,-76.6056
SKVL,5520.0,5.93904,-74.457
SKVP,6890.0,10.435,-73.2495
SKVV,5616.0,4.16787,-73.6138
SKYP,8448.0,5.31911,-72.384
SLBJ,4921.0,-22.7733001709,-64.31289672850001
SLCB,12460.0,-17.421100616455078,-66.17710113525389
SLCH,4801.0,-16.976834,-65.14556800000001
SLCO,6562.0,-11.0403995514,-68.78299713130001
SLET,9144.0,-17.8115997314,-63.1715011597
SLLP,13123.0,-16.513299942016598,-68.19229888916016
SLOR,8075.0,-17.962600708,-67.0762023926
SLPO,9130.0,-19.543100357100002,-65.72370147710001
SLPS,6562.0,-18.975301,-57.820599
SLSA,5013.0,-13.7622003555,-65.43520355220001
SLSU,9300.0,-19.007099151611328,-65.2886962890625
SLTJ,10007.0,-21.5557003021,-64.7013015747
SLTR,7874.0,-14.8186998367,-64.9179992676
SLVM,4918.0,-21.2551994324,-63.405601501499994
SLVR,11483.0,-17.6448,-63.135399
SLYA,6890.0,-21.960899353027344,-63.65169906616211
SMJP,11417.0,5.4528298378,-55.1878013611
SNAI,4593.0,-9.083610534667967,-45.95055770874024
SNBB,5906.0,-11.954774,-45.723528
SNBC,5085.0,-5.5025,-45.215833
SNBU,5709.0,-14.2554,-41.817501
SNBV,4757.0,-2.5233099460601807,-47.51739883422852
SNEL,6562.0,-2.666944026947021,-54.90055465698242
SNFJ,4265.0,-9.06277847290039,-56.59333419799805
SNGD,5249.0,-6.782219886779785,-43.58219909667969
SNGH,4101.0,-18.70770072937012,-42.83890151977539
SNGJ,4206.0,-5.8002800941467285,-46.1338996887207
SNGX,4856.0,-21.326400756835934,-46.731201171875
SNHP,4265.0,-12.402463912963867,-40.47465515136719
SNJD,4921.0,-12.2003,-38.906799
SNKE,4921.0,-9.31997013092041,-50.32849884033203
SNMI,5741.0,-9.834721565246582,-39.88333129882813
SNMS,4167.0,-21.175800323486328,-46.958900451660156
SNNH,4386.0,-14.298500061035154,-43.79729843139648
SNNT,4921.0,-19.198400497436523,-47.72869873046875
SNOY,4593.0,-7.8765201568603525,-40.09180068969727
SNPE,4921.0,-10.265899658203123,-36.55149841308594
SNPI,4429.0,-13.00059986114502,-41.775001525878906
SNPW,5906.0,-8.833610534667969,-50.00055694580078
SNPX,4856.0,-17.316900253295902,-44.86029815673828
SNPY,5249.0,-20.948200225830078,-46.98320007324219
SNRE,4265.0,-12.682700157165527,-43.871498107910156
SNRH,4101.0,-21.039400100708008,-45.87220001220703
SNRJ,4265.0,-3.6669440269470215,-42.83388900756836
SNSH,4921.0,-2.5744400024414062,-54.73139953613281
SNTP,4265.0,-2.525278091430664,-48.75194549560547
SNTQ,5249.0,-10.724200248718262,-43.654701232910156
SNTT,4921.0,-18.75819969177246,-45.10760116577149
SNTV,4921.0,-15.65530014038086,-41.65409851074219
SNVA,4035.0,-7.987500190734862,-50.63166809082031
SNVI,4593.0,-21.790599822998047,-45.26919937133789
SNXX,7218.0,-5.3841400146484375,-35.52840042114258
SNYH,4593.0,-8.699999809265138,-51.17416763305664
SNYM,5085.0,-16.376388549804688,-45.12305450439453
SOCA,10486.0,4.819809913639999,-52.360401153599994
SPAS,6749.0,-2.79612994194,-76.46659851070001
SPAY,4935.0,-10.7291002274,-73.7665023804
SPBC,5905.0,-3.91686010361,-70.5082015991
SPBR,4429.0,-11.411600112915039,-69.48870086669922
SPCL,9186.0,-8.37794017791748,-74.57430267333984
SPDR,6075.0,-3.8060100078600003,-75.03929901119999
SPEO,5905.0,-9.149609565734863,-78.5238037109375
SPEP,5922.0,-9.7681303024292,-70.70649719238281
SPEQ,5905.0,-17.179000854492188,-70.93080139160156
SPGB,4921.0,-4.031879901885986,-77.75879669189453
SPGP,4219.0,-0.11905600130558015,-75.2479019165039
SPHI,8266.0,-6.787479877471924,-79.8281021118164
SPHO,9186.0,-13.154800415039062,-74.20439910888672
SPHY,8202.0,-13.706399917602539,-73.35040283203125
SPHZ,10007.0,-9.347439765930176,-77.59839630126953
SPIM,11506.0,-12.0219,-77.114305
SPJA,6168.0,-6.067860126495361,-77.16000366210938
SPJE,7874.0,-5.59248,-78.774002
SPJI,6889.0,-7.169099807739258,-76.72859954833984
SPJJ,9220.0,-11.7831001282,-75.47339630130001
SPJL,13779.0,-15.467100143432615,-70.158203125
SPJR,8201.0,-7.1391801834106445,-78.4894027709961
SPLC,13064.0,-16.791500091552734,-71.8865966796875
SPLN,5915.0,-6.39231014251709,-77.5011978149414
SPLO,8202.0,-17.69499969482422,-71.34400177001953
SPLP,8019.0,-12.160699844360002,-76.998901367188
SPME,8202.0,-3.55253005027771,-80.38140106201172
SPMF,5775.0,-11.3254,-74.535598
SPMS,5912.0,-5.893770217895508,-76.11820220947266
SPNC,8202.0,-9.878809928894043,-76.20480346679688
SPPY,6496.0,-6.201809883117676,-77.8561019897461
SPQT,8202.0,-3.7847399711608887,-73.30879974365234
SPQU,9777.0,-16.3411006927,-71.5830993652
SPRU,9920.0,-8.08141040802002,-79.10880279541016
SPSO,9908.0,-13.74489974975586,-76.22029876708984
SPST,8530.0,-6.508739948272705,-76.37319946289062
SPTN,8202.0,-18.0533008575,-70.2758026123
SPTU,11482.0,-12.613599777200001,-69.2285995483
SPUR,8202.0,-5.20574998856,-80.61640167239999
SPYL,8038.0,-4.5766401290894,-81.25409698486301
SPZO,11146.0,-13.535699844400003,-71.9387969971
SSBB,4888.0,-20.674999237060547,-56.62969970703125
SSBJ,4331.0,-28.612777709960934,-50.44944381713867
SSBR,4265.0,-23.07279968261719,-50.42309951782226
SSBV,4265.0,-22.081600189208984,-56.53860092163086
SSDC,4528.0,-26.295834000000003,-53.63065400000001
SSDO,5282.0,-22.2019,-54.926601
SSDW,4921.0,-12.924444198600002,-55.519168853800004
SSFI,6693.0,-22.18819999694824,-55.57780075073242
SSFR,5643.0,-20.27750015258789,-49.190834045410156
SSID,4593.0,-22.279199600219727,-53.38349914550781
SSIE,4921.0,-20.599443435668945,-54.602500915527344
SSJM,4921.0,-18.842500686645508,-52.49944305419922
SSNW,4921.0,-12.302499771118164,-45.51390075683594
SSPB,4593.0,-26.217184000000003,-52.694463
SSRF,4265.0,-12.765700340270994,-39.44670104980469
SSTL,6562.0,-20.754199981689,-51.68420028686499
SSUY,4331.0,-20.640499114990234,-51.47689819335938
SSUZ,4331.0,-20.661666870117188,-50.84166717529297
SSWP,4921.0,-8.742500305175781,-50.20750045776367
SSYA,4593.0,-24.1039009094,-49.789100647
SSZJ,5118.0,-18.180700302124023,-54.50180053710938
SSZW,4692.0,-25.1847,-50.1441
SSZX,5033.0,-19.5272216796875,-50.97027969360352
SUAA,4101.0,-34.7892,-56.264702
SUCA,4495.0,-34.456401824951,-57.770599365234006
SUDU,4764.0,-33.358898162841804,-56.49919891357422
SULS,6998.0,-34.855098724365234,-55.09429931640625
SUSO,5210.0,-31.438499450683594,-57.98529815673828
SV02,4885.0,8.404430389404299,-65.0155029296875
SV74,7086.0,9.581870079040527,-72.78800201416016
SV75,5760.0,10.088299751281738,-72.55480194091797
SVAC,5990.0,9.553375244140623,-69.23786926269531
SVAE,4120.0,10.328100204467773,-72.48100280761719
SVAJ,4420.0,8.818929672241211,-65.88670349121094
SVAN,4134.0,9.430225372314453,-64.47072601318361
SVAS,4592.0,6.578050136566162,-66.81690216064453
SVBC,9842.0,10.111111,-64.692222
SVBI,6560.0,8.615,-70.21416667
SVBK,4199.0,9.26710033416748,-70.23049926757811
SVBL,10400.0,10.1833753586,-67.55731964110001
SVBM,9350.0,10.042746543884276,-69.35861968994139
SVBQ,4715.0,10.001500129699707,-71.08370208740234
SVBS,6846.0,10.249978065490724,-67.64942169189453
SVCB,5527.0,8.12216091156,-63.5369567871
SVCD,4920.0,7.625510215759277,-66.16280364990234
SVCJ,6575.0,9.647720336914062,-68.57469940185547
SVCL,4790.0,8.92465591430664,-67.41709136962889
SVCN,7070.0,6.2319889068603525,-62.85443115234375
SVCO,4860.0,10.175602912902832,-70.06521606445311
SVCP,6611.0,10.660014152526855,-63.261680603027344
SVCR,6761.0,11.41494369506836,-69.68090057373047
SVCS,6562.0,10.286110877990724,-66.81610870361328
SVCU,10171.0,10.450332641601562,-64.13047027587889
SVCZ,9842.0,9.372650146484377,-66.92279815673828
SVDW,5212.0,7.493790149688722,-63.269798278808594
SVEN,4118.0,9.03777,-72.24797
SVEP,4137.0,10.206666946411133,-67.44166564941406
SVFM,6475.0,10.485033035299999,-66.8435134888
SVGD,6792.0,7.233333110809326,-70.80000305175781
SVGI,6585.0,10.5740776062,-62.3126678467
SVGU,5905.0,9.026944160461426,-69.75514984130861
SVHH,4265.0,10.808099746704102,-69.63839721679689
SVJC,9186.0,11.78077507019043,-70.15149688720703
SVJM,4990.0,9.906952857971193,-67.379638671875
SVLF,6643.0,8.239167213439941,-72.27102661132812
SVLM,4095.0,9.497940063476562,-62.90130615234375
SVLO,9843.0,11.80720043182373,-66.17960357666016
SVMC,9843.0,10.5582084656,-71.7278594971
SVMD,5348.0,8.582078,-71.161041
SVMG,10499.0,10.912603378295898,-63.96659851074219
SVMI,11483.0,10.601194,-66.991222
SVMP,4659.0,10.133169174194336,-66.78782653808594
SVMT,6890.0,9.75452995300293,-63.14739990234375
SVNX,4921.0,8.828149795532227,-63.09500122070313
SVON,6160.0,10.330699920654297,-71.32250213623047
SVPA,8272.0,5.619989871978801,-67.606101989746
SVPC,6970.0,10.48050022125244,-68.072998046875
SVPE,4180.0,9.979240417480467,-62.228599548339844
SVPP,6080.0,5.792679786682129,-61.44020080566406
SVPR,6726.0,8.288530349731445,-62.7603988647461
SVQL,5905.0,7.757760047912598,-63.082298278808594
SVSA,6135.0,7.840829849243164,-72.439697265625
SVSB,5560.0,7.803514003753662,-71.16571807861328
SVSE,5445.0,4.554999828338623,-61.1500015258789
SVSN,4810.0,8.875639915466309,-66.83989715576172
SVSO,9990.0,7.56538,-72.035103
SVSP,4921.0,10.2787,-68.75520300000001
SVSR,6420.0,7.883319854736327,-67.44400024414061
SVST,6299.0,8.9451465606689,-64.151084899902
SVSZ,8835.0,8.974550247192383,-71.94325256347656
SVTC,5512.0,9.088994026184082,-62.09417343139648
SVTK,4836.0,7.138332843780518,-69.77500152587889
SVTM,9765.0,7.24938,-61.52893
SVVA,9842.0,10.14973258972168,-67.92839813232422
SVVG,10645.0,8.624139,-71.672668
SVVL,6791.0,9.34047794342041,-70.58406066894531
SVVP,4921.0,9.22202777863,-65.9935836792
SWCE,4921.0,-16.204299926757812,-55.39870071411133
SWCF,4921.0,-13.73027801513672,-60.47861099243164
SWCM,6234.0,-13.990278244018555,-52.92694473266602
SWDE,4593.0,-12.821944236755373,-50.33222198486328
SWDT,4921.0,-14.283611297607422,-57.70055770874024
SWFD,4242.0,-11.716667175292967,-58.048057556152344
SWFQ,5906.0,-10.392000198364258,-48.67919921875
SWFX,4757.0,-11.632399559020994,-50.68960189819336
SWFZ,4790.0,-9.975556373596193,-56.673057556152344
SWGZ,4921.0,-14.766944885253904,-57.2672233581543
SWHJ,4265.0,-10.055556297302246,-56.991111755371094
SWHT,4987.0,-7.532120227810001,-63.072101593
SWIA,4921.0,-14.106399536132812,-46.66939926147461
SWIW,5052.0,-13.821021,-56.038591000000004
SWJI,5906.0,-10.870800018299999,-61.8465003967
SWOB,4167.0,-2.5326099395800004,-66.0831985474
SWOY,4101.0,-16.025278091430664,-52.81222152709961
SWPK,4265.0,-16.272777557373047,-56.65083312988281
SWQH,4265.0,-10.147221565246582,-60.538612365722656
SWQJ,4429.0,-13.414722442626953,-59.26750183105469
SWRA,4921.0,-13.025153999999999,-46.884107
SWRD,6070.0,-16.586,-54.7248
SWRO,4265.0,-8.793611,-63.85805500000001
SWSI,5348.0,-11.885000999999999,-55.58610899999999
SWST,4921.0,-10.4647216796875,-50.51861190795898
SWTD,4921.0,-13.881111145019533,-52.4000015258789
SWTI,4429.0,-14.5202999115,-59.7798995972
SWTK,4265.0,-14.201944351199998,-60.280834198
SWUY,4331.0,-4.8842201232899995,-65.3554000854
SWVD,4068.0,-17.969167709350586,-52.57777786254883
SWVT,4987.0,-12.123332977294922,-52.64583206176758
SWXK,4134.0,-13.274200439453125,-56.89229965209961
SWXM,4862.0,-10.170277595500002,-54.9527778625
SWXP,4921.0,-13.73277759552002,-58.88805770874024
SWXV,4888.0,-14.6983003616333,-52.34640121459961
SWYQ,4593.0,-11.4678,-56.437599
SYCJ,7448.0,6.498549938201903,-58.25410079956055
SYGO,4201.0,6.80628,-58.1059
SYLD,5000.0,5.96592,-58.270302
SYLT,5985.0,3.37276,-59.789398
TNW,8530.0,-1.0597219999999998,-77.583333
VE-0210,4943.0,9.274999618529998,-68.3666687012
